Workbook

Sheet Checklist
A1: Rediseño Curricular 2026 · Control de entregas de las subcomisiones
A2: Carrera de Contaduría Pública · Facultad de Ciencias Económicas y Financieras · Universidad Mayor de San Andrés
A4: Código | B4: Punto del índice | C4: Responsable docente | D4: Responsable estudiantil | E4: Estado | F4: Fecha de recepción | G4: Formato recibido | H4: Adaptado al formato | I4: Observaciones | J4: Entregable
A5: 1. | B5: Identificación del programa/carrera | C5: Edwin Gutiérrez Zapana | D5: Alarcon Pablo Alejandro | E5: =IF(SUMPRODUCT(($J$6:$J$18=1)*($E$6:$E$18="Entregado"))=SUMPRODUCT(($J$6:$J$18=1)*1),"Completo",IF(SUMPRODUCT(($J$6:$J$18=1)*($E$6:$E$18="Pendiente"))=SUMPRODUCT(($J$6:$J$18=1)*1),"Pendiente","En proceso")) | F5: =SUMPRODUCT(($J$6:$J$18=1)*($E$6:$E$18="Entregado"))&" de "&SUMPRODUCT(($J$6:$J$18=1)*1) | G5: — | H5: — | J5: 0
A6: 1.1 | B6: Facultad | C6: Edwin Gutiérrez Zapana | D6: Alarcon Pablo Alejandro | E6: Pendiente | H6: No | J6: 1
A7: 1.2 | B7: Programa/carrera | C7: Edwin Gutiérrez Zapana | D7: Alarcon Pablo Alejandro | E7: Pendiente | H7: No | J7: 1
A8: 1.3 | B8: Fecha de creación y Resolución HCU | C8: Edwin Gutiérrez Zapana | D8: Alarcon Pablo Alejandro | E8: Pendiente | H8: No | J8: 1
A9: 1.4 | B9: Resolución(es) HCU que aprobaron planes de estudio anteriores | C9: Edwin Gutiérrez Zapana | D9: Alarcon Pablo Alejandro | E9: Pendiente | H9: No | J9: 1
A10: 1.5 | B10: Grado académico terminal | C10: Edwin Gutiérrez Zapana | D10: Alarcon Pablo Alejandro | E10: Pendiente | H10: No | J10: 1
A11: 1.6 | B11: Grado(s) académico(s) intermedio(s) | C11: Edwin Gutiérrez Zapana | D11: Alarcon Pablo Alejandro | E11: Pendiente | H11: No | J11: 1
A12: 1.7 | B12: Sede(s) | C12: Edwin Gutiérrez Zapana | D12: Alarcon Pablo Alejandro | E12: Pendiente | H12: No | J12: 1
A13: 1.8 | B13: Diploma académico terminal | C13: Edwin Gutiérrez Zapana | D13: Alarcon Pablo Alejandro | E13: Pendiente | H13: No | J13: 1
A14: 1.9 | B14: Diploma(s) académico(s) intermedio(s) | C14: Edwin Gutiérrez Zapana | D14: Alarcon Pablo Alejandro | E14: Pendiente | H14: No | J14: 1
A15: 1.10 | B15: Título Profesional | C15: Edwin Gutiérrez Zapana | D15: Alarcon Pablo Alejandro | E15: Pendiente | H15: No | J15: 1
A16: 1.11 | B16: Título(s) profesional(es) intermedio(s) | C16: Edwin Gutiérrez Zapana | D16: Alarcon Pablo Alejandro | E16: Pendiente | H16: No | J16: 1
A17: 1.12 | B17: Modalidad(es) de docencia | C17: Edwin Gutiérrez Zapana | D17: Alarcon Pablo Alejandro | E17: Pendiente | H17: No | J17: 1
A18: 1.13 | B18: Otras características | C18: Edwin Gutiérrez Zapana | D18: Alarcon Pablo Alejandro | E18: Pendiente | H18: No | J18: 1
A19: 2. | B19: Antecedentes | C19: Sin asignar | D19: Sin asignar | E19: =IF(SUMPRODUCT(($J$20:$J$26=1)*($E$20:$E$26="Entregado"))=SUMPRODUCT(($J$20:$J$26=1)*1),"Completo",IF(SUMPRODUCT(($J$20:$J$26=1)*($E$20:$E$26="Pendiente"))=SUMPRODUCT(($J$20:$J$26=1)*1),"Pendiente","En proceso")) | F19: =SUMPRODUCT(($J$20:$J$26=1)*($E$20:$E$26="Entregado"))&" de "&SUMPRODUCT(($J$20:$J$26=1)*1) | G19: — | H19: — | J19: 0
A20: 2.1 | B20: Datos generales del programa/carrera | C20: Sin asignar | D20: Sin asignar | E20: Pendiente | H20: No | J20: 1
A21: 2.2 | B21: Misión, visión de la carrera | C21: Sin asignar | D21: Sin asignar | E21: Entregado | F21: 46306 | G21: Word | H21: Sí | I21: Documento Misión, Visión y Perfil Profesional 2026 | J21: 1
A22: 2.3 | B22: Plan de desarrollo de la carrera | C22: Sin asignar | D22: Sin asignar | E22: Pendiente | H22: No | J22: 1
A23: 2.4 | B23: Objetivos del programa/carrera | C23: Sin asignar | D23: Sin asignar | E23: Entregado | F23: 46306 | G23: Word | H23: Sí | I23: Documento Misión, Visión y Perfil Profesional 2026; también en Documento 04 Plan de Estudios 2026 | J23: 1
A24: 2.5 | B24: Características del programa/carrera | C24: Sin asignar | D24: Sin asignar | E24: Pendiente | H24: No | J24: 1
A25: 2.6 | B25: Organigrama del programa/carrera | C25: Sin asignar | D25: Sin asignar | E25: Pendiente | H25: No | J25: 1
A26: 2.7 | B26: Estadísticas del programa/carrera | C26: Sin asignar | D26: Sin asignar | E26: Pendiente | H26: No | J26: 1
A27: 3. | B27: Justificación de la innovación curricular (solo para niveles de diseño, rediseño y ajustes) | C27: Alberto Mendoza Mendoza | D27: Ayrton Javier Quisbert Fernandez | E27: =IF(SUMPRODUCT(($J$28:$J$32=1)*($E$28:$E$32="Entregado"))=SUMPRODUCT(($J$28:$J$32=1)*1),"Completo",IF(SUMPRODUCT(($J$28:$J$32=1)*($E$28:$E$32="Pendiente"))=SUMPRODUCT(($J$28:$J$32=1)*1),"Pendiente","En proceso")) | F27: =SUMPRODUCT(($J$28:$J$32=1)*($E$28:$E$32="Entregado"))&" de "&SUMPRODUCT(($J$28:$J$32=1)*1) | G27: — | H27: — | J27: 0
A28: 3.1 | B28: Análisis de resultados obtenidos con anteriores planes de estudio (descripción estadística y cualitativa) | C28: Alberto Mendoza Mendoza | D28: Ayrton Javier Quisbert Fernandez | E28: Pendiente | H28: No | J28: 1
A29: 3.2 | B29: Análisis de las políticas y normas (internacionales, nacionales y universitarias) | C29: Alberto Mendoza Mendoza | D29: Ayrton Javier Quisbert Fernandez | E29: Entregado | F29: 46307 | G29: Word | H29: Sí | I29: Documento 04 Plan de Estudios 2026 | J29: 1
A30: 3.3 | B30: Análisis del contexto económico, estudio de mercado laboral e inserción laboral | C30: Alberto Mendoza Mendoza | D30: Ayrton Javier Quisbert Fernandez | E30: Pendiente | H30: No | J30: 1
A31: 3.4 | B31: Análisis del contexto de cambios y tendencias de la ciencia y tecnología a nivel global | C31: Humberto Quintanilla Muñoz | D31: Beymar Adalid Paucara Marquez | E31: Pendiente | H31: No | J31: 1
A32: 3.5 | B32: Contextualización de la oferta curricular en la realidad nacional e internacional | C32: Humberto Quintanilla Muñoz | D32: Beymar Adalid Paucara Marquez | E32: Entregado | F32: 46307 | G32: Word | H32: Sí | I32: Documento 04 Plan de Estudios 2026 | J32: 1
A33: 4. | B33: Aspectos académicos | C33: Freddy Huanca Mamani | D33: Katherin Fabiola Ali Quispe | E33: =IF(SUMPRODUCT(($J$34:$J$71=1)*($E$34:$E$71="Entregado"))=SUMPRODUCT(($J$34:$J$71=1)*1),"Completo",IF(SUMPRODUCT(($J$34:$J$71=1)*($E$34:$E$71="Pendiente"))=SUMPRODUCT(($J$34:$J$71=1)*1),"Pendiente","En proceso")) | F33: =SUMPRODUCT(($J$34:$J$71=1)*($E$34:$E$71="Entregado"))&" de "&SUMPRODUCT(($J$34:$J$71=1)*1) | G33: — | H33: — | J33: 0
A34: 4.1 | B34: Fundamentos curriculares | C34: Freddy Huanca Mamani | D34: Katherin Fabiola Ali Quispe | E34: =IF(SUMPRODUCT(($J$35:$J$39=1)*($E$35:$E$39="Entregado"))=SUMPRODUCT(($J$35:$J$39=1)*1),"Completo",IF(SUMPRODUCT(($J$35:$J$39=1)*($E$35:$E$39="Pendiente"))=SUMPRODUCT(($J$35:$J$39=1)*1),"Pendiente","En proceso")) | F34: =SUMPRODUCT(($J$35:$J$39=1)*($E$35:$E$39="Entregado"))&" de "&SUMPRODUCT(($J$35:$J$39=1)*1) | G34: — | H34: — | J34: 0
A35: 4.1.1 | B35: Fundamentos epistemológicos | C35: Freddy Huanca Mamani | D35: Katherin Fabiola Ali Quispe | E35: Entregado | F35: 46307 | G35: Word | H35: Sí | I35: Documento 04 Plan de Estudios 2026 | J35: 1
A36: 4.1.2 | B36: Fundamentos sociológicos antropológicos | C36: Freddy Huanca Mamani | D36: Katherin Fabiola Ali Quispe | E36: Entregado | F36: 46307 | G36: Word | H36: Sí | I36: Documento 04 Plan de Estudios 2026 | J36: 1
A37: 4.1.3 | B37: Fundamentos psicológicos | C37: Jorge Cespedes Esteves | D37: Taiz Alejandra Cano Chuyma | E37: Pendiente | H37: No | J37: 1
A38: 4.1.4 | B38: Fundamentos educativos | C38: Jorge Cespedes Esteves | D38: Taiz Alejandra Cano Chuyma | E38: Entregado | F38: 46307 | G38: Word | H38: Sí | I38: Documento 04 Plan de Estudios 2026 | J38: 1
A39: 4.1.5 | B39: Fundamentos axiológicos | C39: Jorge Cespedes Esteves | D39: Taiz Alejandra Cano Chuyma | E39: Entregado | F39: 46307 | G39: Word | H39: Sí | I39: Propuesta en Contenido extra: Valores, por confirmar; Documento 04 Plan de Estudios 2026 | J39: 1
A40: 4.2 | B40: Referentes disciplinares | C40: Hinojosa | D40: Melany Sarah Chavez Condori | E40: =IF(SUMPRODUCT(($J$41:$J$47=1)*($E$41:$E$47="Entregado"))=SUMPRODUCT(($J$41:$J$47=1)*1),"Completo",IF(SUMPRODUCT(($J$41:$J$47=1)*($E$41:$E$47="Pendiente"))=SUMPRODUCT(($J$41:$J$47=1)*1),"Pendiente","En proceso")) | F40: =SUMPRODUCT(($J$41:$J$47=1)*($E$41:$E$47="Entregado"))&" de "&SUMPRODUCT(($J$41:$J$47=1)*1) | G40: — | H40: — | J40: 0
A41: 4.2.1 | B41: Problemas que serán abordados por el profesional | C41: Hinojosa | D41: Melany Sarah Chavez Condori | E41: Pendiente | H41: No | I41: Propuesta en Contenido extra: Necesidades de formación, por confirmar | J41: 1
A42: 4.2.2 | B42: Prospectiva de la profesión | C42: Hinojosa | D42: Melany Sarah Chavez Condori | E42: Pendiente | H42: No | I42: Propuesta en Contenido extra: Consideraciones sobre la profesión, por confirmar | J42: 1
A43: 4.2.3 | B43: Caracterización de la práctica de la profesión (áreas de acción y funciones) | C43: Hinojosa | D43: Melany Sarah Chavez Condori | E43: Entregado | F43: 46306 | G43: Word | H43: Sí | I43: Documento Misión, Visión y Perfil Profesional 2026; también en Documento 04 Plan de Estudios 2026 | J43: 1
A44: 4.2.4 | B44: Objeto de la profesión | C44: Hinojosa | D44: Melany Sarah Chavez Condori | E44: Entregado | F44: 46306 | G44: Word | H44: Sí | I44: Documento Misión, Visión y Perfil Profesional 2026 | J44: 1
A45: 4.2.5 | B45: Objetivo de la profesión | C45: Hinojosa | D45: Melany Sarah Chavez Condori | E45: Entregado | F45: 46306 | G45: Word | H45: Sí | I45: Documento Misión, Visión y Perfil Profesional 2026; también en Documento 04 Plan de Estudios 2026 | J45: 1
A46: 4.2.6 | B46: Competencias específicas de la profesión | C46: Hinojosa | D46: Melany Sarah Chavez Condori | E46: Entregado | F46: 46306 | G46: Word | H46: Sí | I46: Documento Misión, Visión y Perfil Profesional 2026 | J46: 1
A47: 4.2.7 | B47: Perfil profesional | C47: Hinojosa | D47: Melany Sarah Chavez Condori | E47: Entregado | F47: 46306 | G47: Word | H47: Sí | I47: Documento Misión, Visión y Perfil Profesional 2026; también en Documento 04 Plan de Estudios 2026 | J47: 1
A48: 4.3 | B48: Plan de estudios propuesto | C48: Mendoza Elias | D48: Gisela Leila Fernandez Cazas | E48: =IF(SUMPRODUCT(($J$49:$J$53=1)*($E$49:$E$53="Entregado"))=SUMPRODUCT(($J$49:$J$53=1)*1),"Completo",IF(SUMPRODUCT(($J$49:$J$53=1)*($E$49:$E$53="Pendiente"))=SUMPRODUCT(($J$49:$J$53=1)*1),"Pendiente","En proceso")) | F48: =SUMPRODUCT(($J$49:$J$53=1)*($E$49:$E$53="Entregado"))&" de "&SUMPRODUCT(($J$49:$J$53=1)*1) | G48: — | H48: — | J48: 0
A49: 4.3.1 | B49: Modelo curricular | C49: Mendoza Elias | D49: Gisela Leila Fernandez Cazas | E49: Pendiente | H49: No | J49: 1
A50: 4.3.2 | B50: Principios del modelo | C50: Mendoza Elias | D50: Gisela Leila Fernandez Cazas | E50: Pendiente | H50: No | J50: 1
A51: 4.3.3 | B51: Objetivo general del diseño, rediseño o ajuste | C51: Madeny | D51: Melisa Canaviri | E51: Entregado | F51: 46307 | G51: Word | H51: Sí | I51: Documento 04 Plan de Estudios 2026 | J51: 1
A52: 4.3.4 | B52: Objetivos específicos del diseño, rediseño o ajuste | C52: Madeny | D52: Melisa Canaviri | E52: Entregado | F52: 46307 | G52: Word | H52: Sí | I52: Documento 04 Plan de Estudios 2026 | J52: 1
A53: 4.3.5 | B53: Duración de la carrera en años o semestres | C53: Madeny | D53: Melisa Canaviri | E53: Pendiente | H53: No | J53: 1
A54: 4.4 | B54: Estructura curricular | C54: Comisión Supra | D54: Comisión Supra | E54: =IF(SUMPRODUCT(($J$55:$J$58=1)*($E$55:$E$58="Entregado"))=SUMPRODUCT(($J$55:$J$58=1)*1),"Completo",IF(SUMPRODUCT(($J$55:$J$58=1)*($E$55:$E$58="Pendiente"))=SUMPRODUCT(($J$55:$J$58=1)*1),"Pendiente","En proceso")) | F54: =SUMPRODUCT(($J$55:$J$58=1)*($E$55:$E$58="Entregado"))&" de "&SUMPRODUCT(($J$55:$J$58=1)*1) | G54: — | H54: — | J54: 0
A55: 4.4.1 | B55: Descripción de la organización curricular (organización de la asignatura por áreas o ejes de conocimiento) | C55: Comisión Supra | D55: Comisión Supra | E55: Entregado | F55: 46307 | G55: Word | H55: Sí | I55: Documento 04 Plan de Estudios 2026 | J55: 1
A56: 4.4.2 | B56: Mapa de competencia (competencia y unidades de competencia) | C56: Comisión Supra | D56: Comisión Supra | E56: Entregado | F56: 46307 | G56: Word | H56: Sí | I56: Documento 04 Plan de Estudios 2026 | J56: 1
A57: 4.4.3 | B57: Malla curricular (siglas, nombres de la asignatura, carga horaria, créditos, prerrequisitos) por ciclos y semestres/año | C57: Comisión Supra | D57: Comisión Supra | E57: Entregado | F57: 46307 | G57: Word | H57: Sí | I57: Documento 04 Plan de Estudios 2026 | J57: 1
A58: 4.4.4 | B58: Cuadro de asignación de cargas horarias presenciales, no presenciales, (según formato) | C58: Comisión Supra | D58: Comisión Supra | E58: Entregado | F58: 46307 | G58: Word | H58: Sí | I58: Documento 04 Plan de Estudios 2026 | J58: 1
A59: 4.5 | B59: Planes de asignatura (descripción de la asignatura) | C59: Subcomisiones por área | D59: Subcomisiones por área | E59: =IF(SUMPRODUCT(($J$60:$J$68=1)*($E$60:$E$68="Entregado"))=SUMPRODUCT(($J$60:$J$68=1)*1),"Completo",IF(SUMPRODUCT(($J$60:$J$68=1)*($E$60:$E$68="Pendiente"))=SUMPRODUCT(($J$60:$J$68=1)*1),"Pendiente","En proceso")) | F59: =SUMPRODUCT(($J$60:$J$68=1)*($E$60:$E$68="Entregado"))&" de "&SUMPRODUCT(($J$60:$J$68=1)*1) | G59: — | H59: — | J59: 0
A60: 4.5-a | B60: Subcomisión Información Financiera General | C60: Gonzalo Terán Gandarillas / Edwin Gutiérrez Zapana | D60: Jose David Huanca Callizaya / Elva Danitza Cachaga Alanoca | E60: Pendiente | H60: No | J60: 1
A61: 4.5-b | B61: Subcomisión Información Financiera Especializada | C61: Edith Esther López Mamani / Guido Rogelio Yujra Segales | D61: Leonardo Fabio Oblitas Flores / Marco Marcelo Escobar Bozo | E61: Pendiente | H61: No | J61: 1
A62: 4.5-c | B62: Subcomisión Servicios de Aseguramiento y No Aseguramiento | C62: Martin Calani / Víctor Delfín Pelaez Mariscal | D62: Valery Tatiana Chuquimia Rojas / Rocio del Alba Flores Colque | E62: Pendiente | H62: No | J62: 1
A63: 4.5-d | B63: Subcomisión Sistemas | C63: Juan Carlos Lea Plaza Lopez / Miguel Cotaña Mier | D63: Pillco Yana Camila / Zambrana Barrionuevo Jheferson | E63: Pendiente | H63: No | J63: 1
A64: 4.5-e | B64: Subcomisión Administración | C64: Juan Carlos Sánchez Bolaños / Orlando Alfato | D64: Luz Alejandra Chavez Conde / Nicol Tatiana Cornejo Choque | E64: Pendiente | H64: No | J64: 1
A65: 4.5-f | B65: Subcomisión Derecho | C65: Walter Marcelo Torrez Quispe / Ricardo Ramiro Tola Fernández | D65: Anthony Alexander Espinoza Gutierrez / Fernanda Camila Gonzales Quispe | E65: Pendiente | H65: No | J65: 1
A66: 4.5-g | B66: Subcomisión Economía | C66: Luis Medina Rivero / Espejo Davalos Juvenal | D66: Carla Isabel Huiza Callisaya / Jhamil Sander Quispe Mamani | E66: Pendiente | H66: No | J66: 1
A67: 4.5-h | B67: Subcomisión Metodología de la Investigación | C67: Sigfrido Ariel Burgoa Cortez / Jorge Cespedes Esteves | D67: Taiz Alejandra Cano Chuyma | E67: Pendiente | H67: No | J67: 1
A68: 4.5-i | B68: Subcomisión Matemática | C68: Darío David Yujra Crespo / Domingo Julio Pérez Centellas | D68: Eileen Juarez Flores / Jaime Andres Patty Lazcano | E68: Pendiente | H68: No | J68: 1
A69: 4.6 | B69: Estrategias de aprendizaje y estrategias de enseñanza (estrategias, métodos, tipos, recursos) | C69: Sin asignar | D69: Sin asignar | E69: Pendiente | H69: No | J69: 1
A70: 4.7 | B70: Evaluación de aprendizajes (estrategias, métodos, tipos, procedimientos, instrumentos y pruebas a desarrollar) | C70: Sin asignar | D70: Sin asignar | E70: Entregado | F70: 46307 | G70: Word | H70: Sí | I70: Documento 04 Plan de Estudios 2026 | J70: 1
A71: 4.8 | B71: Prácticas preprofesionales | C71: Sin asignar | D71: Sin asignar | E71: Pendiente | H71: No | J71: 1
A72: 5. | B72: Admisión, promoción y graduación | C72: Daniel Laura Choque | D72: Sandra Alison Maidana Mamani | E72: =IF(SUMPRODUCT(($J$73:$J$76=1)*($E$73:$E$76="Entregado"))=SUMPRODUCT(($J$73:$J$76=1)*1),"Completo",IF(SUMPRODUCT(($J$73:$J$76=1)*($E$73:$E$76="Pendiente"))=SUMPRODUCT(($J$73:$J$76=1)*1),"Pendiente","En proceso")) | F72: =SUMPRODUCT(($J$73:$J$76=1)*($E$73:$E$76="Entregado"))&" de "&SUMPRODUCT(($J$73:$J$76=1)*1) | G72: — | H72: — | J72: 0
A73: 5.1 | B73: Perfil del postulante | C73: Daniel Laura Choque | D73: Sandra Alison Maidana Mamani | E73: Entregado | F73: 46307 | G73: Word | H73: Sí | I73: Documento 04 Plan de Estudios 2026 | J73: 1
A74: 5.2 | B74: Modalidades de admisión | C74: Daniel Laura Choque | D74: Sandra Alison Maidana Mamani | E74: Entregado | F74: 46307 | G74: Word | H74: Sí | I74: Documento 04 Plan de Estudios 2026 | J74: 1
A75: 5.3 | B75: Condiciones de permanencia, licencias, suspensiones, plazo máximo de reincorporación, abandono, etc. | C75: Jorge Ordoñez Oporto | D75: Josue Pilco Tito | E75: Entregado | F75: 46307 | G75: Word | H75: Sí | I75: Documento 04 Plan de Estudios 2026 | J75: 1
A76: 5.4 | B76: Modalidades de graduación | C76: Jorge Ordoñez Oporto | D76: Josue Pilco Tito | E76: Entregado | F76: 46307 | G76: Word | H76: Sí | I76: Documento 04 Plan de Estudios 2026 | J76: 1
A77: 6. | B77: Investigación (articulada con los institutos o unidades de investigación relacionados con la carrera/programa) | C77: Jorge Cespedes Esteves | D77: Gustavo Adolfo Aguilar Huanca | E77: =IF(SUMPRODUCT(($J$78:$J$79=1)*($E$78:$E$79="Entregado"))=SUMPRODUCT(($J$78:$J$79=1)*1),"Completo",IF(SUMPRODUCT(($J$78:$J$79=1)*($E$78:$E$79="Pendiente"))=SUMPRODUCT(($J$78:$J$79=1)*1),"Pendiente","En proceso")) | F77: =SUMPRODUCT(($J$78:$J$79=1)*($E$78:$E$79="Entregado"))&" de "&SUMPRODUCT(($J$78:$J$79=1)*1) | G77: — | H77: — | J77: 0
A78: 6.1 | B78: Políticas de investigación | C78: Jorge Cespedes Esteves | D78: Gustavo Adolfo Aguilar Huanca | E78: Pendiente | H78: No | J78: 1
A79: 6.2 | B79: Líneas de investigación | C79: Jorge Cespedes Esteves | D79: Gustavo Adolfo Aguilar Huanca | E79: Pendiente | H79: No | J79: 1
A80: 7. | B80: Interacción social y extensión universitaria | C80: Edith Esther López Mamani | D80: Analia Calle Mita | E80: =IF(SUMPRODUCT(($J$81:$J$82=1)*($E$81:$E$82="Entregado"))=SUMPRODUCT(($J$81:$J$82=1)*1),"Completo",IF(SUMPRODUCT(($J$81:$J$82=1)*($E$81:$E$82="Pendiente"))=SUMPRODUCT(($J$81:$J$82=1)*1),"Pendiente","En proceso")) | F80: =SUMPRODUCT(($J$81:$J$82=1)*($E$81:$E$82="Entregado"))&" de "&SUMPRODUCT(($J$81:$J$82=1)*1) | G80: — | H80: — | J80: 0
A81: 7.1 | B81: Políticas y líneas de interacción social | C81: Edith Esther López Mamani | D81: Analia Calle Mita | E81: Pendiente | H81: No | J81: 1
A82: 7.2 | B82: Políticas y líneas de extensión universitaria | C82: Edith Esther López Mamani | D82: Analia Calle Mita | E82: Pendiente | H82: No | J82: 1
A83: 8. | B83: Organización del proceso curricular | C83: Comisión Supra | D83: Comisión Supra | E83: =IF(SUMPRODUCT(($J$84:$J$89=1)*($E$84:$E$89="Entregado"))=SUMPRODUCT(($J$84:$J$89=1)*1),"Completo",IF(SUMPRODUCT(($J$84:$J$89=1)*($E$84:$E$89="Pendiente"))=SUMPRODUCT(($J$84:$J$89=1)*1),"Pendiente","En proceso")) | F83: =SUMPRODUCT(($J$84:$J$89=1)*($E$84:$E$89="Entregado"))&" de "&SUMPRODUCT(($J$84:$J$89=1)*1) | G83: — | H83: — | J83: 0
A84: 8.1 | B84: Número de semanas lectivas por semestre/año | C84: Comisión Supra | D84: Comisión Supra | E84: Pendiente | H84: No | J84: 1
A85: 8.2 | B85: Número de horas cronológicas por semana | C85: Comisión Supra | D85: Comisión Supra | E85: Pendiente | H85: No | J85: 1
A86: 8.3 | B86: Total de horas planificadas | C86: Comisión Supra | D86: Comisión Supra | E86: Pendiente | H86: No | J86: 1
A87: 8.4 | B87: Carga horaria cronológica en actividades de investigación | C87: Comisión Supra | D87: Comisión Supra | E87: Pendiente | H87: No | J87: 1
A88: 8.5 | B88: Sistema de créditos | C88: Comisión Supra | D88: Comisión Supra | E88: Pendiente | H88: No | J88: 1
A89: 8.6 | B89: Número de estudiantes por asignatura | C89: Comisión Supra | D89: Comisión Supra | E89: Pendiente | H89: No | J89: 1
A90: 9. | B90: Material Bibliográfico | C90: Demetrio Ancalle Choque | D90: Wendy Callizaya Pocoaca | E90: =IF(SUMPRODUCT(($J$91:$J$94=1)*($E$91:$E$94="Entregado"))=SUMPRODUCT(($J$91:$J$94=1)*1),"Completo",IF(SUMPRODUCT(($J$91:$J$94=1)*($E$91:$E$94="Pendiente"))=SUMPRODUCT(($J$91:$J$94=1)*1),"Pendiente","En proceso")) | F90: =SUMPRODUCT(($J$91:$J$94=1)*($E$91:$E$94="Entregado"))&" de "&SUMPRODUCT(($J$91:$J$94=1)*1) | G90: — | H90: — | J90: 0
A91: 9.1 | B91: Textos físicos y digitales (suficiencia cuantitativa y cualitativa) | C91: Demetrio Ancalle Choque | D91: Wendy Callizaya Pocoaca | E91: Pendiente | H91: No | J91: 1
A92: 9.2 | B92: Suscripción a revistas de reconocido prestigio especializado | C92: Demetrio Ancalle Choque | D92: Wendy Callizaya Pocoaca | E92: Pendiente | H92: No | J92: 1
A93: 9.3 | B93: Conexión a sistemas de información nacional o internacional | C93: Maria del Carmen Pinell Varcarcel | D93: Alex Jesus Huanca Uscamayta | E93: Pendiente | H93: No | J93: 1
A94: 9.4 | B94: Internet, sistema de red o wifi | C94: Maria del Carmen Pinell Varcarcel | D94: Alex Jesus Huanca Uscamayta | E94: Pendiente | H94: No | J94: 1
A95: 10. | B95: Recursos educativos | C95: Miguel Cotaña Mier | D95: Camila Lampa Choque | E95: =IF(SUMPRODUCT(($J$96:$J$107=1)*($E$96:$E$107="Entregado"))=SUMPRODUCT(($J$96:$J$107=1)*1),"Completo",IF(SUMPRODUCT(($J$96:$J$107=1)*($E$96:$E$107="Pendiente"))=SUMPRODUCT(($J$96:$J$107=1)*1),"Pendiente","En proceso")) | F95: =SUMPRODUCT(($J$96:$J$107=1)*($E$96:$E$107="Entregado"))&" de "&SUMPRODUCT(($J$96:$J$107=1)*1) | G95: — | H95: — | J95: 0
A96: 10.1 | B96: Equipos multimedia | C96: Miguel Cotaña Mier | D96: Camila Lampa Choque | E96: Pendiente | H96: No | J96: 1
A97: 10.2 | B97: Computadora en red | C97: Miguel Cotaña Mier | D97: Camila Lampa Choque | E97: Pendiente | H97: No | J97: 1
A98: 10.3 | B98: Software | C98: Miguel Cotaña Mier | D98: Camila Lampa Choque | E98: Pendiente | H98: No | J98: 1
A99: 10.4 | B99: Laboratorios | C99: Miguel Cotaña Mier | D99: Camila Lampa Choque | E99: Pendiente | H99: No | J99: 1
A100: 10.5 | B100: Material audiovisual | C100: Freddy Huanca Mamani | D100: Maria Joaquina Salinas Terceros | E100: Pendiente | H100: No | J100: 1
A101: 10.6 | B101: Medios didácticos informáticos | C101: Freddy Huanca Mamani | D101: Maria Joaquina Salinas Terceros | E101: Pendiente | H101: No | J101: 1
...

Sheet Resumen
A1: Resumen de avance por punto
A2: Se calcula solo con los ítems entregables de la hoja Checklist.
A4: Punto | B4: Título | C4: Ítems | D4: Entregados | E4: Parciales | F4: Observados | G4: Pendientes | H4: Avance
A5: 1 | B5: Identificación del programa/carrera | C5: =COUNTIFS(Checklist!$A$5:$A$137,"1.*",Checklist!$J$5:$J$137,1) | D5: =COUNTIFS(Checklist!$A$5:$A$137,"1.*",Checklist!$J$5:$J$137,1,Checklist!$E$5:$E$137,"Entregado") | E5: =COUNTIFS(Checklist!$A$5:$A$137,"1.*",Checklist!$J$5:$J$137,1,Checklist!$E$5:$E$137,"Parcial") | F5: =COUNTIFS(Checklist!$A$5:$A$137,"1.*",Checklist!$J$5:$J$137,1,Checklist!$E$5:$E$137,"Observado") | G5: =COUNTIFS(Checklist!$A$5:$A$137,"1.*",Checklist!$J$5:$J$137,1,Checklist!$E$5:$E$137,"Pendiente") | H5: =IF(C5=0,0,D5/C5)
A6: 2 | B6: Antecedentes | C6: =COUNTIFS(Checklist!$A$5:$A$137,"2.*",Checklist!$J$5:$J$137,1) | D6: =COUNTIFS(Checklist!$A$5:$A$137,"2.*",Checklist!$J$5:$J$137,1,Checklist!$E$5:$E$137,"Entregado") | E6: =COUNTIFS(Checklist!$A$5:$A$137,"2.*",Checklist!$J$5:$J$137,1,Checklist!$E$5:$E$137,"Parcial") | F6: =COUNTIFS(Checklist!$A$5:$A$137,"2.*",Checklist!$J$5:$J$137,1,Checklist!$E$5:$E$137,"Observado") | G6: =COUNTIFS(Checklist!$A$5:$A$137,"2.*",Checklist!$J$5:$J$137,1,Checklist!$E$5:$E$137,"Pendiente") | H6: =IF(C6=0,0,D6/C6)
A7: 3 | B7: Justificación de la innovación curricular (solo para niveles de diseño, rediseño y ajustes) | C7: =COUNTIFS(Checklist!$A$5:$A$137,"3.*",Checklist!$J$5:$J$137,1) | D7: =COUNTIFS(Checklist!$A$5:$A$137,"3.*",Checklist!$J$5:$J$137,1,Checklist!$E$5:$E$137,"Entregado") | E7: =COUNTIFS(Checklist!$A$5:$A$137,"3.*",Checklist!$J$5:$J$137,1,Checklist!$E$5:$E$137,"Parcial") | F7: =COUNTIFS(Checklist!$A$5:$A$137,"3.*",Checklist!$J$5:$J$137,1,Checklist!$E$5:$E$137,"Observado") | G7: =COUNTIFS(Checklist!$A$5:$A$137,"3.*",Checklist!$J$5:$J$137,1,Checklist!$E$5:$E$137,"Pendiente") | H7: =IF(C7=0,0,D7/C7)
A8: 4 | B8: Aspectos académicos | C8: =COUNTIFS(Checklist!$A$5:$A$137,"4.*",Checklist!$J$5:$J$137,1) | D8: =COUNTIFS(Checklist!$A$5:$A$137,"4.*",Checklist!$J$5:$J$137,1,Checklist!$E$5:$E$137,"Entregado") | E8: =COUNTIFS(Checklist!$A$5:$A$137,"4.*",Checklist!$J$5:$J$137,1,Checklist!$E$5:$E$137,"Parcial") | F8: =COUNTIFS(Checklist!$A$5:$A$137,"4.*",Checklist!$J$5:$J$137,1,Checklist!$E$5:$E$137,"Observado") | G8: =COUNTIFS(Checklist!$A$5:$A$137,"4.*",Checklist!$J$5:$J$137,1,Checklist!$E$5:$E$137,"Pendiente") | H8: =IF(C8=0,0,D8/C8)
A9: 5 | B9: Admisión, promoción y graduación | C9: =COUNTIFS(Checklist!$A$5:$A$137,"5.*",Checklist!$J$5:$J$137,1) | D9: =COUNTIFS(Checklist!$A$5:$A$137,"5.*",Checklist!$J$5:$J$137,1,Checklist!$E$5:$E$137,"Entregado") | E9: =COUNTIFS(Checklist!$A$5:$A$137,"5.*",Checklist!$J$5:$J$137,1,Checklist!$E$5:$E$137,"Parcial") | F9: =COUNTIFS(Checklist!$A$5:$A$137,"5.*",Checklist!$J$5:$J$137,1,Checklist!$E$5:$E$137,"Observado") | G9: =COUNTIFS(Checklist!$A$5:$A$137,"5.*",Checklist!$J$5:$J$137,1,Checklist!$E$5:$E$137,"Pendiente") | H9: =IF(C9=0,0,D9/C9)
A10: 6 | B10: Investigación (articulada con los institutos o unidades de investigación relacionados con la carrera/programa) | C10: =COUNTIFS(Checklist!$A$5:$A$137,"6.*",Checklist!$J$5:$J$137,1) | D10: =COUNTIFS(Checklist!$A$5:$A$137,"6.*",Checklist!$J$5:$J$137,1,Checklist!$E$5:$E$137,"Entregado") | E10: =COUNTIFS(Checklist!$A$5:$A$137,"6.*",Checklist!$J$5:$J$137,1,Checklist!$E$5:$E$137,"Parcial") | F10: =COUNTIFS(Checklist!$A$5:$A$137,"6.*",Checklist!$J$5:$J$137,1,Checklist!$E$5:$E$137,"Observado") | G10: =COUNTIFS(Checklist!$A$5:$A$137,"6.*",Checklist!$J$5:$J$137,1,Checklist!$E$5:$E$137,"Pendiente") | H10: =IF(C10=0,0,D10/C10)
A11: 7 | B11: Interacción social y extensión universitaria | C11: =COUNTIFS(Checklist!$A$5:$A$137,"7.*",Checklist!$J$5:$J$137,1) | D11: =COUNTIFS(Checklist!$A$5:$A$137,"7.*",Checklist!$J$5:$J$137,1,Checklist!$E$5:$E$137,"Entregado") | E11: =COUNTIFS(Checklist!$A$5:$A$137,"7.*",Checklist!$J$5:$J$137,1,Checklist!$E$5:$E$137,"Parcial") | F11: =COUNTIFS(Checklist!$A$5:$A$137,"7.*",Checklist!$J$5:$J$137,1,Checklist!$E$5:$E$137,"Observado") | G11: =COUNTIFS(Checklist!$A$5:$A$137,"7.*",Checklist!$J$5:$J$137,1,Checklist!$E$5:$E$137,"Pendiente") | H11: =IF(C11=0,0,D11/C11)
A12: 8 | B12: Organización del proceso curricular | C12: =COUNTIFS(Checklist!$A$5:$A$137,"8.*",Checklist!$J$5:$J$137,1) | D12: =COUNTIFS(Checklist!$A$5:$A$137,"8.*",Checklist!$J$5:$J$137,1,Checklist!$E$5:$E$137,"Entregado") | E12: =COUNTIFS(Checklist!$A$5:$A$137,"8.*",Checklist!$J$5:$J$137,1,Checklist!$E$5:$E$137,"Parcial") | F12: =COUNTIFS(Checklist!$A$5:$A$137,"8.*",Checklist!$J$5:$J$137,1,Checklist!$E$5:$E$137,"Observado") | G12: =COUNTIFS(Checklist!$A$5:$A$137,"8.*",Checklist!$J$5:$J$137,1,Checklist!$E$5:$E$137,"Pendiente") | H12: =IF(C12=0,0,D12/C12)
A13: 9 | B13: Material Bibliográfico | C13: =COUNTIFS(Checklist!$A$5:$A$137,"9.*",Checklist!$J$5:$J$137,1) | D13: =COUNTIFS(Checklist!$A$5:$A$137,"9.*",Checklist!$J$5:$J$137,1,Checklist!$E$5:$E$137,"Entregado") | E13: =COUNTIFS(Checklist!$A$5:$A$137,"9.*",Checklist!$J$5:$J$137,1,Checklist!$E$5:$E$137,"Parcial") | F13: =COUNTIFS(Checklist!$A$5:$A$137,"9.*",Checklist!$J$5:$J$137,1,Checklist!$E$5:$E$137,"Observado") | G13: =COUNTIFS(Checklist!$A$5:$A$137,"9.*",Checklist!$J$5:$J$137,1,Checklist!$E$5:$E$137,"Pendiente") | H13: =IF(C13=0,0,D13/C13)
A14: 10 | B14: Recursos educativos | C14: =COUNTIFS(Checklist!$A$5:$A$137,"10.*",Checklist!$J$5:$J$137,1) | D14: =COUNTIFS(Checklist!$A$5:$A$137,"10.*",Checklist!$J$5:$J$137,1,Checklist!$E$5:$E$137,"Entregado") | E14: =COUNTIFS(Checklist!$A$5:$A$137,"10.*",Checklist!$J$5:$J$137,1,Checklist!$E$5:$E$137,"Parcial") | F14: =COUNTIFS(Checklist!$A$5:$A$137,"10.*",Checklist!$J$5:$J$137,1,Checklist!$E$5:$E$137,"Observado") | G14: =COUNTIFS(Checklist!$A$5:$A$137,"10.*",Checklist!$J$5:$J$137,1,Checklist!$E$5:$E$137,"Pendiente") | H14: =IF(C14=0,0,D14/C14)
A15: 11 | B15: Implementación del proyecto curricular | C15: =COUNTIFS(Checklist!$A$5:$A$137,"11.*",Checklist!$J$5:$J$137,1) | D15: =COUNTIFS(Checklist!$A$5:$A$137,"11.*",Checklist!$J$5:$J$137,1,Checklist!$E$5:$E$137,"Entregado") | E15: =COUNTIFS(Checklist!$A$5:$A$137,"11.*",Checklist!$J$5:$J$137,1,Checklist!$E$5:$E$137,"Parcial") | F15: =COUNTIFS(Checklist!$A$5:$A$137,"11.*",Checklist!$J$5:$J$137,1,Checklist!$E$5:$E$137,"Observado") | G15: =COUNTIFS(Checklist!$A$5:$A$137,"11.*",Checklist!$J$5:$J$137,1,Checklist!$E$5:$E$137,"Pendiente") | H15: =IF(C15=0,0,D15/C15)
A16: 12 | B16: Evaluación Curricular | C16: =COUNTIFS(Checklist!$A$5:$A$137,"12.*",Checklist!$J$5:$J$137,1) | D16: =COUNTIFS(Checklist!$A$5:$A$137,"12.*",Checklist!$J$5:$J$137,1,Checklist!$E$5:$E$137,"Entregado") | E16: =COUNTIFS(Checklist!$A$5:$A$137,"12.*",Checklist!$J$5:$J$137,1,Checklist!$E$5:$E$137,"Parcial") | F16: =COUNTIFS(Checklist!$A$5:$A$137,"12.*",Checklist!$J$5:$J$137,1,Checklist!$E$5:$E$137,"Observado") | G16: =COUNTIFS(Checklist!$A$5:$A$137,"12.*",Checklist!$J$5:$J$137,1,Checklist!$E$5:$E$137,"Pendiente") | H16: =IF(C16=0,0,D16/C16)
A17: 13 | B17: Reglamentación | C17: =COUNTIFS(Checklist!$A$5:$A$137,"13.*",Checklist!$J$5:$J$137,1) | D17: =COUNTIFS(Checklist!$A$5:$A$137,"13.*",Checklist!$J$5:$J$137,1,Checklist!$E$5:$E$137,"Entregado") | E17: =COUNTIFS(Checklist!$A$5:$A$137,"13.*",Checklist!$J$5:$J$137,1,Checklist!$E$5:$E$137,"Parcial") | F17: =COUNTIFS(Checklist!$A$5:$A$137,"13.*",Checklist!$J$5:$J$137,1,Checklist!$E$5:$E$137,"Observado") | G17: =COUNTIFS(Checklist!$A$5:$A$137,"13.*",Checklist!$J$5:$J$137,1,Checklist!$E$5:$E$137,"Pendiente") | H17: =IF(C17=0,0,D17/C17)
A18: 14 | B18: Infraestructura y equipamiento | C18: =COUNTIFS(Checklist!$A$5:$A$137,"14.*",Checklist!$J$5:$J$137,1) | D18: =COUNTIFS(Checklist!$A$5:$A$137,"14.*",Checklist!$J$5:$J$137,1,Checklist!$E$5:$E$137,"Entregado") | E18: =COUNTIFS(Checklist!$A$5:$A$137,"14.*",Checklist!$J$5:$J$137,1,Checklist!$E$5:$E$137,"Parcial") | F18: =COUNTIFS(Checklist!$A$5:$A$137,"14.*",Checklist!$J$5:$J$137,1,Checklist!$E$5:$E$137,"Observado") | G18: =COUNTIFS(Checklist!$A$5:$A$137,"14.*",Checklist!$J$5:$J$137,1,Checklist!$E$5:$E$137,"Pendiente") | H18: =IF(C18=0,0,D18/C18)
A19: 15 | B19: Mobiliario, equipamiento y materiales | C19: =COUNTIFS(Checklist!$A$5:$A$137,"15.*",Checklist!$J$5:$J$137,1) | D19: =COUNTIFS(Checklist!$A$5:$A$137,"15.*",Checklist!$J$5:$J$137,1,Checklist!$E$5:$E$137,"Entregado") | E19: =COUNTIFS(Checklist!$A$5:$A$137,"15.*",Checklist!$J$5:$J$137,1,Checklist!$E$5:$E$137,"Parcial") | F19: =COUNTIFS(Checklist!$A$5:$A$137,"15.*",Checklist!$J$5:$J$137,1,Checklist!$E$5:$E$137,"Observado") | G19: =COUNTIFS(Checklist!$A$5:$A$137,"15.*",Checklist!$J$5:$J$137,1,Checklist!$E$5:$E$137,"Pendiente") | H19: =IF(C19=0,0,D19/C19)
A20: 16 | B20: Disposiciones de ejecución | C20: =COUNTIFS(Checklist!$A$5:$A$137,"16.*",Checklist!$J$5:$J$137,1) | D20: =COUNTIFS(Checklist!$A$5:$A$137,"16.*",Checklist!$J$5:$J$137,1,Checklist!$E$5:$E$137,"Entregado") | E20: =COUNTIFS(Checklist!$A$5:$A$137,"16.*",Checklist!$J$5:$J$137,1,Checklist!$E$5:$E$137,"Parcial") | F20: =COUNTIFS(Checklist!$A$5:$A$137,"16.*",Checklist!$J$5:$J$137,1,Checklist!$E$5:$E$137,"Observado") | G20: =COUNTIFS(Checklist!$A$5:$A$137,"16.*",Checklist!$J$5:$J$137,1,Checklist!$E$5:$E$137,"Pendiente") | H20: =IF(C20=0,0,D20/C20)
B21: TOTAL | C21: =SUM(C5:C20) | D21: =SUM(D5:D20) | E21: =SUM(E5:E20) | F21: =SUM(F5:F20) | G21: =SUM(G5:G20) | H21: =IF(C21=0,0,D21/C21)
